RZ  ,FIRE BRIG ,POLICE    ,AMBULANCE ,GAS EMERG ,B_NAME
----,----------,----------,----------,----------,----------
0001,81201,81202,81203,81204,8124387010, 
0100,8182669121,8182219376,8182219373,8182286989,8182218387, 
0101,8185243001,8185242002,8185242703,8185242204,8182218387, 
0102,8184508962,8184508967,8184508965,8184508968,8182218387, 
0103,8185346068,8185342126,8185346064,8185346062,8182218387, 
0104,8183731673,8183722822,8183724451,8183727713,8182218387, 
0105,8183590370,8183590346,8183590274,054,8182218387, 
0106,8185056364,8185034130,8185033345,8185033393,8182218387, 
0107,8183271072,8183271082,8183271185,8183451194,8182218387, 
0108,8183661192,8183661432,8183661672,8183662805,8182218387, 
0109,8183451130,8183451161,8183455310,8183451194,8182218387, 
0110,8179901111,8179902111,8179903111,8179904111,8172720100, 
0111,8173822224,8173822833,8173822450,8173822581,8172720100, 
0112,8175521206,8175522288,8175521903,8175521693,8172720100, 
0113,8174221746,8174221383,8174251182,8174251004,8172720100, 
0114,8173322772,8173323544,8173331000,8173332216,8172720100, 
0115,8175121750,8175121240,8175121433,8175121326,8172720100, 
0116,8174121560,8174121278,8174121637,8174121553,8172720100, 
0117,8185622584,8185622585,8185622586,     ,8182218387, 
0118,8173721201,8173721044,8173723401,8173721777,8172720100, 
0119,8184331201,8184331202,8184331203,     ,8182218387, 
0120,81201,8124700202,8124517552,     ,8124387010, 
0121,8125948376,8125968702,8125968743,81204,8124387010, 
0122,8137824903,8137874560,8137874525,81204,8124387010, 
0123,8124371052,8124370202,8124347712,81204,8124387010, 
0124,8124379006,8124370202,8124922000,81204,8124387010, 
0125,8137023171,8137021002,8137066281,81204,8124387010, 
0126,8137274258,8137274295,8137222363,81204,8124387010, 
0127,8137138944,8137152202,8137122627,81204,8124387010, 
0128,8124337311,8124320202,8124333019,81204,8124387010, 
0129,8124337311,8124336102,8124347712,81204,8124387010, 
0130,8149901111,8149902111,8149903111,8149904111,8142785203, 
0131,8145023777,8145023779,8145023781,8145023783,8142785203, 
0132,8143023779,8143023783,8143023781,8143023785,8142785203, 
0133,8143341001,8143341003,8143341005,8143341007,8142785203, 
0134,8143641887,8143642217,8143641341,8143642284,8142785203, 
0135,8145977319,8145977351,8145977095,8149904111,8142785203, 
0136,8145122085,8145174922,8145174478,8145174645,8142785203, 
0137,8143101111,8143102111,8143103111,8143104111,8142785203, 
0138,8143038242,8143038237,8143038221,8149904111,8142785203, 
0140,8152454027,8152242714,8152450067,8152472509,8152454076, 
0141,8155574234,8155574236,8155574237,8155574238,8152454076, 
0142,8155462599,8155460294,8155462908,054,8152454076, 
0143,8153392000,8153395212,8153392064,8153395264,8152454076, 
0144,8153154199,8153158990,8153158999,8153120104,8152454076, 
0145,8153064145,8153060402,8153060407,     ,8152454076, 
0146,8153670751,8153670753,8153670755,054,8152454076, 
0147,8155362545,8155362546,8155362547,8155322653,8152454076, 
0148,8155450099,8155450199,8155450399,054,8152454076, 
0149,8153272001,8153202111,8153272533,8153265235,8152454076, 
0150,8169901111,8169902111,8169903111,8169904111,8162766108, 
0151,8166621793,8166621229,8166622244,8166620906,8162766108, 
0152,8166545882,8166554944,8166554458,8166554877,8162766108, 
0153,8166031001,8166036069,8166036279,8166004111,8162766108, 
0154,8165720001,8165720002,8165720003,8165720004,8162766108, 
0155,8166444001,8166444002,8166444003,8166440431,8162766108, 
0156,8165954301,8165954109,8165954770,8165954324,8162766108, 
0157,8165251099,8165251699,8165252399,8165253199,8162766108, 
0158,8165654110,8165654451,8165654684,8165654842,8162766108, 
0159,8165530282,8165530272,8165531459,8165530546,8162766108, 
0160,8119901111,8119902111,8119903111,8119904111,8112223590, 
0161,8114801111,8114802111,8114803111,8114804111,8112223590, 
0162,8113251367,8113252875,8113251103,8113251104,8112223590, 
0163,8114501111,8114502111,8114503111,8114504111,8112223590, 
0164,8113501111,8113502111,8113503111,8113504111,8112223590, 
0165,8115301111,8115302111,8115303111,8115304111,8112223590, 
0166,8115201111,8115202111,8115203111,8115204111,8112223590, 
0167,8136949279,8137520202,8137520303,81204,8124387010, 
0168,8123112083,8123110202,8123113900,81204,8124387010, 
0169,8136133001,8136133002,8136171003,81204,8124387010, 
0170,8202500182,8202571168,8202500112,8209904111,8172720100, 
0175,8136701111,8136757002,8136703111,8136771661,8124387010, 
0181,8136301111,8136302111,8136303111,8136300411,8124387010, 
0182,8136372224,8136372105,8136323538,81204,8124387010, 
0183,8136133001,8136193102,8136120003,81204,8124387010, 
0184,8136372224,8136372105,9016274541,81204,8124387010, 
0190,4019901111,4019902111,4019903111,4019904111,4012214885, 
0191,4019901111,4015032532,4015031373,4015031146,4012214885, 
0192,4019901111,4015321202,4015321303,4015321404,4012214885, 
0193,4019901111,4016331102,4016331203,4016162418,4012214885, 
0194,4019901111,4016331102,4016337203,4016162418,4012214885, 
0195,4019901111,4015640095,4015640127,4012460842,4012214885, 
0196,4019901111,4015932202,4015932203,4015932204,4012214885, 
0197,4019901111,4015632362,4015632803,4015721204,4012214885, 
0198,4019901111,4015102111,4015103111,4012210941,4012214885, 
0199,4019901111,4015666240,4015666672,4012460842,4012214885, 
0203,8136801111,8136802111,8136803111,8136804111,8124387010, 
0701,8183122201,8183122202,8183122203,054,8182218387, 
1002,8136262279,8136261253,8136261276,81204,8124387010, 
1003,8136356602,8136352420,8136352903,81204,8124387010, 
1005,8137351158,8137321002,8137324792,81204,8124387010, 
1007,8136643904,8136642002,8136641955,8136621378,8124387010, 
1008,8136422287,8136421902,8136422803,8136422204,8124387010, 
1009,8136621759,8136621302,8136624770,81204,8124387010, 
1011,8137040829,8137021002,8137020422,81204,8124387010, 
1012,8137657339,8124230702,8137677394,81204,8124387010, 
1013,8137072240,8137021002,8137020422,81204,8124387010, 
1015,8137054303,8137054302,8137054162,81204,8124387010, 
1016,8125948376,8137052523,8125930003,81204,8124387010, 
1018,8137057601,8137093202,8137056603,81204,8124387010, 
1019,8137834930,8137830307,8137822902,81204,8124387010, 
1020,8137841343,8137874560,8137822902,81204,8124387010, 
1021,8137274258,8137273499,8137222363,81204,8124387010, 
1022,8137847496,8137848802,8137848248,81204,8124387010, 
1023,8137875501,8137875545,8137875085,81204,8124387010, 
1024,8137864783,8137864344,8137864196,81204,8124387010, 
1025,8137844856,8137844552,8137844211,81204,8124387010, 
1026,8137138944,8137163454,8137122627,81204,8124387010, 
1027,8137101111,8137102111,8137103111,8137104111,8124387010, 
1028,8137149401,8137149602,8137149690,81204,8124387010, 
1029,8137573401,8137520202,8137520303,81204,8124387010, 
1030,8137144341,8137144002,8137144193,81204,8124387010, 
1031,8137520300,8137520202,8137520303,8137520404,8124387010, 
1032,8137553101,8137553202,8137551533,8137520404,8124387010, 
1033,8136274001,8136274002,8136274003,81204,8124387010, 
1034,8136824365,8136820202,8136823944,81204,8124387010, 
1035,8136873604,8136873002,8136873403,81204,8124387010, 
1036,8136220311,8136221202,8136222826,8136204111,8124387010, 
1037,81201,8124610202,8124694061,81204,8124387010, 
1038,8136256501,8136256002,8136256303,81204,8124387010, 
1039,8136220311,8136274002,8136222826,81204,8124387010, 
1040,8137401111,8137402111,8137403111,8137404111,8124387010, 
1041,8136372224,8136372105,8136323538,81204,8124387010, 
1042,8137301111,8137302111,8137303111,8137304111,8124387010, 
1043,8137875501,8137864344,8137864196,81204,8124387010, 
1044,8137657339,8124230702,8124230671,81204,8124387010, 
1045,8137875501,8137864344,8137875085,81204,8124387010, 
1047,8136901111,8136902111,8136903111,8136904111,8124387010, 
1048,8137222433,8137220202,8137222363,8137223896,8124387010, 
1049,8137277401,8137277102,8137222363,81204,8124387010, 
1050,8137222433,8137253490,8137222363,81204,8124387010, 
1053,8136522005,8136520202,8136520496,8136524862,8124387010, 
1054,8137657339,8124230702,8124230671,81204,8124387010, 
1055,8137937103,8137902111,8137903111,8137904111,8124387010, 
1056,8137998191,8137902111,8137993071,8137993916,8124387010, 
1057,8137961262,8137961002,8137961303,81204,8124387010, 
1061,8136120001,8136152002,8136120003,81204,8124387010, 
1062,8136101111,8136102111,8136103111,8136104111,8124387010, 
1063,8136171001,8136171002,8136171003,81204,8124387010, 
1064,8136651110,8136651102,8136651510,054,8124387010, 
1066,8136339690,8136330033,8136338260,81204,8124387010, 
1068,8136330332,8136330033,8136330105,81204,8124387010, 
1070,8137272101,8137272902,8137272105,81204,8124387010, 
1071,8124983038,8124349802,8124922000,81204,8124387010, 
1072,8136243001,8136243301,8136243003,81204,8124387010, 
1073,8124506001,8124507402,8124506939,81204,8124387010, 
1074,81201,8124230702,8124230671,81204,8124387010, 
1075,8124506001,8124230702,8124230671,81204,8124387010, 
1076,8124333801,8124334702,8124333019,81204,8124387010, 
1077,8136621759,8136621302,8136624770,81204,8124387010, 
1078,8137138944,8137164221,8137164260,81204,8124387010, 
1079,8137601111,8137602111,8137603111,8137677204,8124387010, 
1098,8137222433,8137253490,8137222363,8137223896,8124387010, 
1099,8137222433,8137253490,8137272105,8137223896,8124387010, 
1100,8175731211,8175731221,8175731037,8175731241,8172720100, 
1101,8175621201,8175621202,8175621203,8175621250,8172720100, 
1102,8175321662,8175321371,8175321132,8175321753,8172720100, 
1103,8174321311,8174321551,8174321903,8174322272,8172720100, 
1104,8173922359,8173922332,8173924302,8173921770,8172720100, 
1105,8173222763,8173255701,8173222671,8173222893,8172720100, 
1106,8175221201,8175221202,8175221203,054,8172720100, 
1107,8175921604,8175921417,8175921304,8175921056,8172720100, 
1110,8174421458,8174421454,8174421609,8174421914,8172720100, 
1111,8175421201,8175421243,8175421203,8175421413,8172720100, 
1112,8174621101,8174621102,8174621103,8174621105,8172720100, 
1113,8174021913,8174021629,8174021400,     ,8172720100, 
1114,8174822547,8174821976,8174822151,     ,8172720100, 
1115,8174729454,8174729090,8174728185,8174728567,8172720100, 
1116,8174921120,8174921011,8184921186,8172921085,8172720100, 
1117,8175821774,8175821647,8175821473,8175821226,8172720100, 
1118,8174521160,8174521478,8174521453,     ,8172720100, 
1119,8173841648,8173841402,8173841003,8173841004,8172720100, 
1200,8183033201,8183033202,8183013203,8183033104,8182218387, 
1201,8183861000,8183861256,8183861512,8183865768,8182218387, 
1202,8185821401,8185821502,8185821403,8185822649,8182218387, 
1203,8185551606,8185551515,8185551438,8185552608,8182218387, 
1204,8185140001,8185140002,8185140003,054,8182218387, 
1205,8185140001,8185140002,8185140003,054,8182218387, 
1206,8183976322,8183971387,8183973926,8183971133,8182218387, 
1207,8184121201,8184121202,8184121203,8184121204,8182218387, 
1208,8185431023,8185431232,8185431412,     ,8182218387, 
1209,8184021101,8184021879,8184021462,     ,8182218387, 
1211,8184891648,8184891148,8184891618,     ,8182218387, 
1212,8185932001,8185932225,8185932013,     ,8182218387, 
1213,8183332301,8183331202,8183332303,     ,8182218387, 
1215,8137222433,8137220202,8137222363,81204,8124387010, 
1219,81201,8137093202,8137056603,81204,8124387010, 
1300,8145631992,8145631993,8145631994,8145631995,8142785203, 
1301,8143701111,8143702111,8143703111,8143704111,8142785203, 
1302,8145801111,8145802111,8145803111,8145820300,8142785203, 
1304,8143451001,8143451072,8143451323,8143451224,8142785203, 
1305,8143161201,8143138160,8143103111,8143139900,8142785203, 
1306,8145201111,8145202111,8145203111,054,8142785203, 
1307,8145701111,8145702111,8145703111,8145704111,8142785203, 
1308,8143901111,8143902111,8143903111,8143904111,8142785203, 
1309,8145441617,8145441876,8145441084,8145441776,8142785203, 
1310,8145521240,8145521292,8145521604,8145521379,8142785203, 
1401,8153571315,8153571249,8153571178,054,8152454076, 
1402,8153741784,8153741787,8153741790,8153741793,8153741794, 
1404,8155258880,8155258912,8155258555,054,8152454076, 
1405,8155631001,8155631002,8155631003,8155631004,8152454076, 
1406,8155171000,8155175833,8155175825,054,8152454076, 
1407,8155336384,8155336328,8155336264,8155336232,8152454076, 
1408,8155356117,8155356645,8155357503,8155357162,8152454076, 
1409,8153840055,8153843102,8153840262,     ,8152454076, 
1410,8153843101,8153843102,8153843103,     ,8152454076, 
1411,8153366201,8153366202,8153366203,     ,8152454076, 
1412,8155851001,8155851114,8155850094,     ,8152454076, 
1501,8169901111,8162640555,8169903111,8162242525,8162766108, 
1502,8166956001,8166956002,8166956003,8166956004,8162766108, 
1503,8166861457,8166861237,8166861335,8166861504,8162766108, 
1504,8166865201,8166861237,8166865203,054,8162766108, 
1505,8165143388,8165142324,8165142203,8165143394,8162766108, 
1507,8166750001,8166750002,8166750003,8166750004,8162766108, 
1508,8165361205,8165361202,8165361409,8165361224,8162766108, 
1509,8166122320,8166122184,8166122333,8166122404,8162766108, 
1510,8166321115,8166321333,8166321562,8166321404,8162766108, 
1511,8165871686,8165871343,8165871332,     ,8162766108, 
1512,8166261709,8166261710,8166261711,     ,8162766108, 
1513,8165451456,8165451467,8165450311,     ,8162766108, 
1514,8165061168,8165061585,8165061350,8165061470,8162766108, 
1600,8113121339,8113121932,8113121561,8113121672,8112223590, 
1601,8114601111,8114602111,8114603111,8114604111,8112223590, 
1602,8113321432,8113321007,8113321241,8113321447,8112223590, 
1603,8113821340,8113821755,8113821123,8113821681,8112223590, 
1604,8114701111,8114702111,8114703111,8114704111,8112223590, 
1605,8115021201,8115021965,8115021003,8115021250,8112223590, 
1606,8114401111,8114402111,8114403111,8114404111,8112223590, 
1607,8114221601,8114221171,8114221900,8114221089,8112223590, 
1608,8113401111,8113402111,8113403111,8113404111,8112223590, 
1609,8114001111,8114002111,8114003111,8114004111,8112223590, 
1610,8114921409,8114922264,8114921401,8114921491,8112223590, 
1611,8115101111,8115102111,8115103111,8115104111,8112223590, 
1612,8114121832,8114122840,8114121721,8114121904,8112223590, 
1613,8114321148,8114322102,8114322203,8114322503,8112223590, 
1614,8113922000,8113921204,8113922004,8113922006,8112223590, 
1615,8113696101,8113691587,8113691550,8113693551,8112223590, 
1616,8114121832,8114122840,8114121721,8114121904,8112223590, 
1617,8113722150,8113721220,8113721638,     ,     , 
1910,4019901111,4014132588,4014132746,4014122957,4012214885, 
1911,4019901111,4014232402,4014232203,4014122861,4012214885, 
1912,4019901111,4014332410,4014333260,4014332349,4012214885, 
1913,4019901111,4014422102,4014422303,4014332349,4012214885, 
1914,4019901111,4014522602,4014520303,4014520404,4012214885, 
1915,4019901111,4014522602,4014520303,4014520404,4012214885, 
1916,4019901111,4015721202,4015721103,4015721204,4012214885, 
1917,4019901111,4015721202,4015723203,4015721204,4012214885, 
1918,4019901111,4016222102,4016222203,4016162418,4012214885, 
1919,4019901111,4015835202,4015835203,4015932204,4012214885, 
1920,4019901111,4015337102,4015337103,4015321404,4012214885, 
1921,4019901111,4016422202,4016422203,4016422204,4012214885, 
1922,4019901111,4015666240,4015666672,4012460842,4012214885, 
1923,4019901111,4015632362,4015632803,4012460842,4012214885, 
1925,4019901111,4015932202,4015973703,4015932204,4012214885, 
1926,4019901111,4015521802,4015521003,4015321404,4012214885, 
1927,4019901111,4015322179,4015321303,4015321404,4012214885, 
1928,4019901111,4015222302,4015221303,4015235304,4012214885, 
1929,4019901111,4016136611,4016136823,4016162418,4012214885, 
2000,4829901111,4829902111,4829903111,4829904111,     , 
2001,4823150101,4823150202,4823150303,4823150404,     , 
2002,4823352595,4823361260,4823352075,4823361873,     , 
2003,4823422210,4823422213,4823422216,4823422219,     , 
2004,4823622001,4823622003,4823622005,4823632404,     , 
2005,4823552116,4823551502,4823550652,4823550716,     , 
2006,4824621085,4824621380,4824626630,4824621543,     , 
2007,4825822414,4825821371,4825821478,4825822366,     , 
2008,4823222001,4823220004,4823220006,4823220342,     , 
2009,4825194001,4825194102,4825194203,4825194234,     , 
2010,4826523701,4826521704,4826521338,4826523800,     , 
2011,4823722256,4823722452,4823722501,4823722261,     , 
2012,4826422000,4826422030,4826422040,4826421182,     , 
2013,4825744273,4825744023,4825744092,4825744114,     , 
2014,4823823479,4823823671,4823823678,     ,     , 
2015,4823023301,4823024002,4823024103,4823024665,     , 
2016,4826731475,4826731448,4826731709,4826731097,     , 
2017,4826821968,4826821204,4826821047,4826821057,     , 
2023,4826135122,4826135561,4826136191,4826121398,     , 
2024,4825321730,4825321037,4825322210,4825321104,     , 
2025,4827221768,4827221770,4827221772,4827221404,     , 
2030,4827121478,4827121268,4827121117,     ,     , 
2032,4827621000,4827621302,4827621202,4827621004,     , 
2033,4825550591,4825554302,4825550303,4825555539,     , 
2034,4824243154,4824242938,4824243374,4824242750,     , 
2035,4824921664,4824923447,4824920052,4824920757,     , 
2037,4827421197,4827421189,4827421703,4827421704,     , 
2038,4824421158,4824421074,4824421233,4824421168,     , 
2040,4822373510,4822565888,4822373511,     ,     , 
2041,4826653101,4826652258,4826651576,4826652173,     , 
2042,4826221131,4826221339,4826222351,4826221087,     , 
2043,4824421158,4824421074,4824421233,4824421168,     , 
2044,4827521383,4827521071,4827521087,4827521504,     , 
2045,4826922641,4826922564,4826926002,     ,     , 
2046,4823931101,4823931002,4823931403,4823931572,     , 
2047,4827321001,4827321459,4827321134,4827321287,     , 
2050,4825023010,4825023020,4825023040,4825023050,     , 
2100,4812328659,4819902111,4819903111,4819904111,     , 
2101,4816741101,4816741102,4816742165,4816741021,     , 
2102,4813142001,4813141953,4813142134,4813141804,     , 
2103,4816641854,4816641731,4816642342,4816641808,     , 
2104,4816641854,4816650202,4816650303,4816651822,     , 
2105,4814841073,4814840202,4814840894,4814840768,     , 
2106,4814441838,4814442142,4814442397,4814442785,     , 
2107,4814441838,4814454086,4814453303,4814442785,     , 
2108,4814742185,4814741605,4814741203,4814741204,     , 
2109,4813241572,4813241360,4813241560,4813241304,     , 
2110,4814541241,4814541433,4814541582,4814541543,     , 
2111,4814541241,4814541433,4814546568,4814541543,     , 
2112,4814022201,4814022371,4814022105,4814022504,     , 
2115,4814931597,4814942002,4814942538,4814942086,     , 
2116,4813466727,4813464543,4813469035,4813469036,     , 
2117,4814142731,4814141102,4814151760,4814142953,     , 
2118,4813525101,4813542130,4813541903,4813541279,     , 
2119,4814232433,4814242999,4814234741,4814241684,     , 
2120,4813341205,4813341005,4813342085,4813341394,     , 
2121,4815521101,4815521260,4815521449,4815521101,     , 
2124,4813921293,4813921093,4813921194,4813922446,     , 
2125,4814371586,4814372956,4814372289,4814372069,     , 
2126,4813821101,4813821102,4813821308,     ,     , 
2127,4813741001,4813741376,4813741131,4813741080,     , 
2128,4816521601,4816521602,4816521503,4816521604,     , 
2130,4814642564,4814642971,4814642135,4814642604,     , 
2132,4813041801,4813041502,4813041593,4813041688,     , 
2133,4815374482,4815370514,4815370403,     ,     , 
2134,4814726101,4814726102,4814726103,     ,     , 
2135,4814927201,4814927202,4814927203,4814927204,     , 
2136,4813621182,4813621154,4813621661,4813621495,     , 
2200,4949901111,4949902111,4949903111,4949904111,     , 
2201,4945330901,4945331002,4945331101,4945331004,     , 
2202,4943540111,4943502111,4943503111,4943504111,     , 
2203,4944959436,4944951471,4944954146,4944924519,     , 
2300,4859901111,4859902111,4859903111,4859904111,     , 
2301,4853531611,4853531989,4853532860,4853530740,     , 
2302,4853144001,4853141467,4853141683,4853141204,     , 
2303,4853221021,4853222222,4853221045,4853220744,     , 
2304,4853420001,4853420202,4853420303,4853420404,     , 
2305,4853851403,4853852644,4853852138,4853851392,     , 
2306,4854321061,4854321002,4854322503,4854322504,     , 
2307,4853660413,4853660865,4853661784,4853662453,     , 
2308,4854921175,4854921067,4854921309,4854921249,     , 
2309,4855281816,4855210011,4855283049,4855244400,     , 
2310,4853321373,4853370636,4853323390,4853370641,     , 
2311,4854622374,4854621432,4854621392,4854621376,     , 
2350,4939901111,4939902111,4939903111,4939904111,     , 
2351,4933301111,4933302111,4933303111,4933304111,     , 
2352,4934501111,4934521145,4934503111,4934504111,     , 
2353,4935501111,4935521502,4935503111,4935521420,     , 
2354,4935101111,4935102111,4935103111,4935104111,     , 
2355,4933931301,4933902111,4933931703,4933904111,     , 
2356,4932551001,4932551002,4932551747,4939904111,     , 
2357,4939901111,4932933970,4939903111,4939904111,     , 
2362,4935222201,4935221493,4935222101,     ,     , 
2363,4934122751,4934121424,4934121443,4934120390,     , 
2367,4935721140,4935721335,4935721280,4935721591,     , 
2368,4933156024,4933154664,4933155534,4933155412,     , 
2369,4826321310,4826321805,4826321269,4826321270,     , 
2370,4933601111,4933602111,4933603111,4933604111,     , 
2371,4854421584,4854421448,4854422303,4854432118,     , 
2372,4943398337,4943397302,4943398803,     ,     , 
2373,4943175777,4943175502,4943175304,4943175024,     , 
2374,4933156024,4933197302,4933155720,4933197404,     , 
2375,4933901111,4933943402,4933943462,4933904111,     , 
2376,4935422440,4935420002,4935428486,4935429151,     , 
2377,4933421390,4933421299,4933422479,4933404111,     , 
2378,4934322201,4934322202,4934303111,4934304111,     , 
2379,4935321101,4935321802,4935321049,4935321480,     , 
2380,4934722739,4934722404,4934721049,4934723429,     , 
2381,4934621996,4934621049,4934621971,     ,     , 
2382,4934921285,4934921435,4934921034,     ,     , 
2383,4935691659,4935691695,4935691473,4935691656,     , 
2384,4933722131,4933721333,4933722603,     ,     , 
2385,4935222201,4935228372,4935222101,     ,     , 
2386,4943827532,4943827161,4943827220,4943827586,     , 
2387,4943721206,4943737102,4943703000,     ,     , 
2388,8136261311,8136261253,8136261276,81204,8124387010, 
2389,4854721354,4854721276,4854721838,4854721192,     , 
2390,4854521301,4854521302,4854521303,4854521304,     , 
2391,4944223148,4944223511,4944223203,     ,     , 
2392,4853921471,4853921118,4853921370,4853921137,     , 
2393,4934421750,4934421474,4934421750,     ,     , 
2394,4944555224,4944555202,4944555094,     ,     , 
2395,4944421972,4944422450,4944422376,     ,     , 
2396,4854221548,4854221640,4854221420,4854221380,     , 
2397,4943651532,4943651434,4943651783,     ,     , 
2398,4944631690,4944620453,4944634945,     ,     , 
2399,4944121313,4944121247,4944121117,     ,     , 
2400,4943041209,4943041109,4943041538,     ,     , 
2401,4943491777,4943491210,4943491155,     ,     , 
2402,4944752753,4944752297,4944752229,     ,     , 
2403,4943222131,4943222132,4943221477,     ,     , 
2404,4944821530,4944821337,4944821909,     ,     , 
2405,4945227701,4945227505,9159030495,     ,     , 
2406,4944342648,4944341697,4944341333,     ,     , 
2407,4945021100,4945022458,4945022150,     ,     , 
2408,4945121557,4945121346,4945121212,     ,     , 
2409,4943921853,4943921608,4943921871,     ,     , 
2410,4944054106,4944051132,4944054168,4944051524,     , 
2411,4935501111,4935521502,4935525345,4935521420,     , 
2412,4935422440,4935420002,4935498360,4935429151,     , 
END
